keyword,conspiracy_count,mainstream_count,run_date
climate change,30,2,2026-05-09
zika virus,8,1,2026-05-09
global warming,7,1,2026-05-09
peak oil,6,0,2026-05-09
world trade,2,0,2026-05-09
anti capitalist,1,0,2026-05-09
deep state,1,0,2026-05-09
new world,1,0,2026-05-09
moon landing,0,0,2026-05-09
vaccine conspiracy,0,0,2026-05-09
qanon,0,0,2026-05-09
anti vaccine,0,0,2026-05-09
reptilian,0,0,2026-05-09
lizard people,0,0,2026-05-09
chemtrails,0,0,2026-05-09
haarp,0,0,2026-05-09
weather control,0,0,2026-05-09
new world order,0,0,2026-05-09
chem trails,0,0,2026-05-09
jfk assassination,0,0,2026-05-09
kennedy assassination,0,0,2026-05-09
lee harvey,0,0,2026-05-09
apollo 11,0,0,2026-05-09
world order,0,0,2026-05-09
illuminati,0,0,2026-05-09
earth flat,0,0,2026-05-09
flat earth,0,0,2026-05-09
jet fuel,0,0,2026-05-09
twin towers,0,0,2026-05-09
inside job,0,0,2026-05-09
nine eleven,0,0,2026-05-09
nasa fake,0,0,2026-05-09
great replacement,0,0,2026-05-09
